1,2323,QGEXDYWAKOW5KOYH09K,323
1,2323,QGEXDYWAKOW5KOYH9K,33333
1,2323,QGEXDYWAKOW5KOY9K,3133333
1,2323,QGEXDYWAKOW5K09K,333333333
1,2323,QGEXDYWAKOW509K,3333333333333
1,2323,QGEXDYWAKOW09K,33333333333333
1,2323,QGEXDYWAK09K,33333333333333333333
1,2323,QGEXDYWA09K,333333333
1,2323,QGEXDYW09K,33
1,2323,QGEXDYW9K,33
1,2323,QGEXDYWAKOW5KOYH09K,323
1,2323,QGEXDYWAKOW5KOYH9K,33333
1,2323,QGEXDYWAKOW5KOY9K,3133333
1,2323,QGEXDYWAKOW5K09K,333333333
1,2323,QGEXDYWAKOW509K,3333333333333
1,2323,QGEXDYWAKOW09K,33333333333333
1,2323,QGEXDYWAK09K,33333333333333333333
1,2323,QGEXDYWA09K,333333333
1,2323,QGEXDYW09K,33
1,2323,QGEXDYW9K,33
1,2323,QGEXDYWAKOW5KOYH09K,323
1,2323,QGEXDYWAKOW5KOYH9K,33333
1,2323,QGEXDYWAKOW5KOY9K,3133333
1,2323,QGEXDYWAKOW5K09K,333333333
1,2323,QGEXDYWAKOW509K,3333333333333
1,2323,QGEXDYWAKOW09K,33333333333333
1,2323,QGEXDYWAK09K,33333333333333333333
1,2323,QGEXDYWA09K,333333333
1,2323,QGEXDYW09K,33
1,2323,QGEXDYW9K,33
1,2323,QGEXDYWAKOW5KOYH09K,323
1,2323,QGEXDYWAKOW5KOYH9K,33333
1,2323,QGEXDYWAKOW5KOY9K,3133333
1,2323,QGEXDYWAKOW5K09K,333333333
1,2323,QGEXDYWAKOW509K,3333333333333
1,2323,QGEXDYWAKOW09K,33333333333333
1,2323,QGEXDYWAK09K,33333333333333333333
1,2323,QGEXDYWA09K,333333333
1,2323,QGEXDYW09K,33
1,2323,QGEXDYW9K,33
1,2323,QGEXDYWAKOW5KOYH09K,323
1,2323,QGEXDYWAKOW5KOYH9K,33333
1,2323,QGEXDYWAKOW5KOY9K,3133333
1,2323,QGEXDYWAKOW5K09K,333333333
1,2323,QGEXDYWAKOW509K,3333333333333
1,2323,QGEXDYWAKOW09K,33333333333333
1,2323,QGEXDYWAK09K,33333333333333333333
1,2323,QGEXDYWA09K,333333333
1,2323,QGEXDYW09K,33
1,2323,QGEXDYW9K,33
1,2323,QGEXDYWAKOW5KOYH09K,323
1,2323,QGEXDYWAKOW5KOYH9K,33333
1,2323,QGEXDYWAKOW5KOY9K,3133333
1,2323,QGEXDYWAKOW5K09K,333333333
1,2323,QGEXDYWAKOW509K,3333333333333
1,2323,QGEXDYWAKOW09K,33333333333333
1,2323,QGEXDYWAK09K,33333333333333333333
1,2323,QGEXDYWA09K,333333333
1,2323,QGEXDYW09K,33
1,2323,QGEXDYW9K,33
1,2323,QGEXDYWAKOW5KOYH09K,323
1,2323,QGEXDYWAKOW5KOYH9K,33333
1,2323,QGEXDYWAKOW5KOY9K,3133333
1,2323,QGEXDYWAKOW5K09K,333333333
1,2323,QGEXDYWAKOW509K,3333333333333
1,2323,QGEXDYWAKOW09K,33333333333333
1,2323,QGEXDYWAK09K,33333333333333333333
1,2323,QGEXDYWA09K,333333333
1,2323,QGEXDYW09K,33
1,2323,QGEXDYW9K,33
1,2323,QGEXDYWAKOW5KOYH09K,323
1,2323,QGEXDYWAKOW5KOYH9K,33333
1,2323,QGEXDYWAKOW5KOY9K,3133333
1,2323,QGEXDYWAKOW5K09K,333333333
1,2323,QGEXDYWAKOW509K,3333333333333
1,2323,QGEXDYWAKOW09K,33333333333333
1,2323,QGEXDYWAK09K,33333333333333333333
1,2323,QGEXDYWA09K,333333333
1,2323,QGEXDYW09K,33
1,2323,QGEXDYW9K,33
1,2323,QGEXDYWAKOW5KOYH09K,323
1,2323,QGEXDYWAKOW5KOYH9K,33333
1,2323,QGEXDYWAKOW5KOY9K,3133333
1,2323,QGEXDYWAKOW5K09K,333333333
1,2323,QGEXDYWAKOW509K,3333333333333
1,2323,QGEXDYWAKOW09K,33333333333333
1,2323,QGEXDYWAK09K,33333333333333333333
1,2323,QGEXDYWA09K,333333333
1,2323,QGEXDYW09K,33
1,2323,QGEXDYW9K,33
1,2323,QGEXDYWAKOW5KOYH09K,323
1,2323,QGEXDYWAKOW5KOYH9K,33333
1,2323,QGEXDYWAKOW5KOY9K,3133333
1,2323,QGEXDYWAKOW5K09K,333333333
1,2323,QGEXDYWAKOW509K,3333333333333
1,2323,QGEXDYWAKOW09K,33333333333333
1,2323,QGEXDYWAK09K,33333333333333333333
1,2323,QGEXDYWA09K,333333333
1,2323,QGEXDYW09K,33
1,2323,QGEXDYW9K,33